{
  "1": 0.015625,
  "6": 0.025,
  "3": 0.008849557522123894,
  "47": 0.875,
  "4": 0.03488372093023256,
  "9": 0.3225806451612903,
  "5": 0.11538461538461539,
  "11": 0.35714285714285715,
  "24": 1.0,
  "12": 0.09090909090909091,
  "8": 0.4,
  "41": 0.6,
  "68": 0.5,
  "15": 0.6666666666666666
}