{
  "1": 0.16963350785340314,
  "2": 0.22111553784860558,
  "7": 0.3181818181818182,
  "41": 0.8387096774193549,
  "10": 0.4523809523809524,
  "3": 0.3549382716049383,
  "11": 0.8253968253968254,
  "24": 0.75,
  "20": 1.0,
  "8": 0.23529411764705882,
  "17": 0.2,
  "6": 0.4375,
  "68": 0.9696969696969697,
  "9": 0.6103896103896104,
  "4": 0.32105263157894737,
  "5": 0.2647058823529412,
  "15": 0.5641025641025641,
  "47": 0.8717948717948718,
  "12": 0.3877551020408163,
  "13": 0.8461538461538461,
  "42": 0.8333333333333334,
  "26": 0.07142857142857142
}