{
  "1": 0.2824694589877836,
  "2": 0.30309713526845,
  "7": 0.3693181818181818,
  "41": 0.8709677419354839,
  "10": 0.5873015873015873,
  "3": 0.42998971193415636,
  "16": 0.0,
  "11": 0.8465608465608465,
  "24": 0.75,
  "20": 1.0,
  "8": 0.3790849673202614,
  "17": 0.45,
  "6": 0.45,
  "68": 0.9696969696969697,
  "9": 0.6688311688311688,
  "4": 0.4070175438596491,
  "5": 0.3917483660130719,
  "15": 0.5641025641025641,
  "47": 0.9230769230769231,
  "12": 0.42857142857142855,
  "13": 0.9038461538461539,
  "42": 0.9537037037037036,
  "26": 0.07142857142857142
}