{
  "4": 0.02857142857142857,
  "1": 0.004424778761061947,
  "3": 0.009900990099009901,
  "42": 0.8571428571428571,
  "9": 0.2903225806451613,
  "8": 0.11764705882352941,
  "5": 0.10416666666666667,
  "21": 0.2857142857142857,
  "12": 0.375,
  "15": 0.6666666666666666,
  "36": 0.35714285714285715,
  "58": 0.5,
  "11": 1.0
}