{
  "1": 0.14858260019550343,
  "2": 0.22549019607843138,
  "7": 0.3125,
  "10": 0.4714285714285714,
  "5": 0.3050847457627119,
  "36": 0.8448275862068966,
  "9": 0.75,
  "3": 0.3136645962732919,
  "13": 0.2826086956521739,
  "21": 0.5714285714285714,
  "20": 1.0,
  "11": 0.775,
  "4": 0.3613861386138614,
  "14": 0.875,
  "6": 0.38333333333333336,
  "58": 0.9642857142857143,
  "8": 0.5352112676056338,
  "12": 0.325,
  "42": 0.9142857142857143,
  "15": 0.9047619047619048
}